Fertilizer,temp,N,P,K,yeild,predicted_yeild
72.99326638188094,28.884391348488617,72.98142428524226,22.98653034069945,20.14868235042897,10.035579178542475,9.978344788146476
60.069914187931296,35.979757720804656,69.91124984704298,20.051153770455013,17.92283147589778,8.036543226778086,7.882147258533905
59.97637524349997,39.14535644158666,70.0941862908083,20.116744225365665,17.097784768577046,7.9277975912271055,8.033348488227654
51.91908071760534,40.043994559045935,62.19080647171611,19.18600940890306,16.090862295830398,6.359329101137754,6.524329750346125
76.96097969638402,28.90678079467288,74.88619539911068,21.945837447384083,18.95698654189229,10.157746884052337,10.02368781135975
60.21500369648802,37.99535450356976,67.82452884591328,22.015663426498296,17.861951323682092,7.964093210556803,7.9000739472158985
64.8987541846024,37.03386914968048,67.08198949919266,17.95742751397167,15.073388675283203,7.0297105753670905,7.049855348406158
60.14693680963429,38.93869652888981,59.85044162671716,18.018805709100445,15.081243564320646,5.446179519558747,5.460502131673691
74.90863203471875,28.156902120188768,79.00972030705636,20.91805882421876,18.918945423934154,9.585387470339846,9.49127563672517
65.02711273150095,39.01205855426669,64.97084057590858,18.97870709740185,15.906694091879295,6.04944057295619,5.9944247566702344
78.0,28.0,75.0,23.0,22.0,11.0,10.958217977435174
79.07837717985261,26.72528959288704,77.02705892429303,22.926901650139712,19.95745845012968,10.445181830298177,10.499047308106306
54.89573610128158,39.00931187078652,60.9235256439885,18.02220604103572,16.112955495202353,6.111743927704619,6.0078992293775375
54.80381238654507,38.06435909420188,68.09817043172367,20.02821538935063,16.0631856765929,6.911228866366016,7.047418970406648
75.13847259949296,26.049416304852723,74.90799823032039,21.85736128080877,18.960466630038667,11.95153766709592,11.893077947141546
74.89291148579876,29.20892602574384,77.13793365853967,23.001668194257643,19.07198365970223,10.116173796437044,10.024751006044465
74.87069663914131,27.87875152813021,74.97666052502363,22.85918712596768,20.01049536974501,10.927648761178236,10.858099311489694
80.0,28.0,80.0,24.0,20.0,12.0,11.985580042298775
78.07165304865752,29.179050417185568,76.99096036424262,20.812647808014365,18.010210387006527,9.24615235065326,8.992113225697846
55.08786236156864,36.01072996454522,64.8795775035415,18.95978838089598,14.833458209144167,6.890385086126917,7.051926073943179
77.16454332688807,28.16511982671445,78.00243278773812,23.04798326212116,20.07302058337535,9.094620162456684,9.556036896757048
64.93764851126222,37.00856503254556,66.84914953142089,18.15207797727069,15.052855346642732,7.06265720139666,7.006174211789671
50.08547085424577,36.95329906470436,64.96141752013564,18.05689774724759,19.13048656186613,8.999317411428379,8.960736460057728
80.0525027500904,27.83750846589067,79.80271106768855,24.26074993185349,19.974930254180425,11.987911215795265,11.935734776213355
77.00179319652536,27.93022317358322,77.98229853062925,23.05001244936152,20.199118402934506,9.199876476350232,9.67471928900864
69.87583026042059,35.78731363083168,72.04731475849367,24.931148504847403,18.027528203865813,8.04008495846513,7.995897304831797
77.07559802241721,29.054775302754777,76.11125278344647,21.91969037364916,19.053641999669708,9.377423922313454,9.497309019290674
75.86341061317123,25.954157370861,74.93355086953703,24.15269187197126,19.01491370253675,11.182278543978232,11.092543261426297
60.10987348562798,39.06538216975023,59.96507710341676,18.14254074222844,14.870276609315953,5.526969759878036,5.638261482496141
77.86125977108385,28.989418358372205,77.00836917336682,20.92511710936742,18.055950054188926,8.985963896524234,8.955601741848646
50.07146328792471,40.01386241524794,59.94312096270667,18.04421267808461,14.843543779687565,5.863958446000606,5.969031162875299
60.20076142028644,38.93609034543805,64.92191419861645,18.073403615675225,15.114604868130328,5.947142500868302,5.983517154396094
52.01070802718693,39.8436005176102,61.97424381622767,18.9913064056393,16.1610299644075,6.436357096495635,6.485554066827465
70.07577071273688,27.99463934682624,69.88898779393197,21.88500818672204,19.16299907295193,9.879268853236074,10.12777170667335
79.15300326868929,28.00236382259485,76.9805180714313,23.01463880544602,19.12271025943768,9.84885053641507,10.053393970899526
50.08533693719282,37.19493882897818,58.87101546488938,18.85587684261824,14.965433066680813,6.014086874042982,6.029777056626391
50.11024437986771,37.16189091700555,64.92225823574522,18.03911294399003,18.87360367753329,9.21309873524092,9.05545553493948
64.92465711086172,35.95456727615112,67.96889043256665,20.90900424123917,15.817050087296712,6.99061619999874,6.998469776698084
79.98906558473274,25.95260868202125,74.92894507758439,21.16699275051731,19.998508426922,10.85785223289218,10.933938613787886
59.95877623378841,38.98931828557416,70.06257105810865,19.911787408916343,17.064778813199393,7.911658960600648,7.993228785282757
52.02685611932618,40.16846242773354,61.8566435570593,18.82687473046866,15.873146837098878,6.52891990134744,6.43611870108929
59.93009918554478,38.12790603215379,64.86653243330511,20.101543266361933,16.02303708239918,8.502634108033366,8.529753725648279
76.98720973114371,24.94565220388581,74.99714364904248,22.03536399999896,19.09929613205389,11.134253212304651,11.002122752164397
60.18464456847431,38.17913924341577,68.10883938604694,22.063011735629807,18.11971629986799,7.994965698064631,7.957140854576795
69.92723518314442,33.764241545219384,74.12330785361239,21.86220753101504,16.08816313376095,10.00927442635736,9.956361380748342
65.10872029747348,38.91117473296653,70.0875464009605,20.037399743713483,19.09972049344015,8.458213155182055,8.503148026188928
59.05299689191623,39.8649978592349,67.03246297001851,17.954417879352274,15.950852699527864,7.507758517503605,7.479222235977785
59.88039479710724,37.21325522853597,63.03108711526519,20.010529081969747,18.1624229495323,6.750209155618577,7.429493785972872
59.124350121416974,40.03647652742335,67.10999266609494,17.88085240220863,16.10429340773674,7.486471006122206,7.556471051280857
59.86585158880118,38.02263789800098,64.84085499442581,19.8625320997698,15.926403479354276,8.543361311209498,8.592744140214982
60.00412281347016,39.15581110705529,60.13137441853066,17.905069828097826,14.778136268986524,5.468526644909777,5.829321864348165
65.11657761312277,34.94900806339669,70.10985282715201,19.086108503435952,17.80374435006222,8.987803604940996,8.991772801793068
55.86345649238263,39.7638563468475,66.9540806802346,18.25273493721844,15.240532612058304,6.914477839821916,7.004090978668594
79.02918147609934,27.08089469281345,76.99827715073906,23.05614002950859,19.976354611878588,10.377725211364693,10.517491513771128
51.75273211953159,38.08009244552869,63.983442331782406,18.93547912278126,15.053871208147514,6.372559402421607,6.5059855784346325
79.01030706397601,24.144186630478323,79.0635063662646,22.03799520283664,18.98914559817256,11.016107188300335,10.997356618182728
65.09020799658792,34.94273551753836,70.19178744728077,18.957153496679904,17.85856804494608,9.0139316034887,8.994281266829946
59.95590033453591,38.92873756741847,59.8891466526524,17.928325684851576,15.15824128164447,5.455961371128694,5.530967951705218
55.11050565150597,35.933643859302485,64.97025660993133,20.893036922567205,16.065138281485932,6.958482194662548,6.977188324998565
60.07717583917664,39.01359669681288,60.04953476664915,18.062457847816148,14.966951200957974,5.454935911623905,5.482468713953065
69.8895920232906,38.9302864136055,69.94748476625695,19.784984363449976,16.009353535640116,6.411867636429627,6.491914858931259
78.92464338420102,27.93007808426881,77.09149956367062,23.08297886485572,21.112427767488683,10.528136985305348,10.571847031973967
59.94958627605916,39.04829624912744,60.19621597790533,20.03456789443188,16.07868611469002,6.924986851620334,7.041268411466129
79.83743063232352,28.16626750320276,80.05342362105144,23.98573619349062,19.83698948205713,12.129216407700149,11.955712696650066
49.9612178169294,36.90551675770784,64.9745628311193,18.00111941983555,18.979988421335094,8.91863112908462,9.009283098664612
75.91424674101583,26.037633613886367,75.07698552662055,24.157538353894807,18.9301863006028,10.907846366232974,11.073444760321665
76.90699676931911,27.877645507975995,75.87594117374026,23.056572190105555,20.04022423818565,10.788962664232006,10.977311869178472
60.13854800750872,38.96255428422848,65.00518298858503,19.060402408234552,16.991560512784055,6.428590730046342,6.486176600650819
60.0697522747912,39.01178522725359,60.03452177523572,18.26584118520304,14.964274386198044,5.603031266707307,5.767184827491569
55.00515088735757,38.20426949967912,60.92612891094751,19.9788904346779,18.14612294177164,7.085361494268313,7.211277928290383
54.88820915852132,38.08044912408867,61.071975055599566,19.95875067676216,17.89805000531869,7.021661742648428,7.023572887428637
65.08139700596374,39.0188271851877,64.83479146089117,18.84433780625837,15.978744812768111,6.011934383680696,5.981391970401805
49.961306352600914,36.83890703594773,59.97577349767335,17.91603880094776,14.945264456086116,5.851014895767884,5.983366518229001
74.96033901397189,28.977413893478744,77.03642034855791,23.05071477258336,18.940801657534266,9.927907934490667,9.974330776171351
76.9846060444363,29.00744302618717,76.06577149789699,21.929890774110746,18.92999273804903,9.61015522559352,9.502723773424895
60.01610947964078,38.938308882216496,60.20151051632062,17.98230204087851,15.031248871996818,5.6709661633704,5.573795582893018
78.93820641910553,28.073066586969148,76.88159233326908,23.18107682084464,18.923562371402667,9.987231804999013,9.984407038959024
60.04262637804736,38.01301097374507,67.88064388302612,21.9677755106864,18.00973784069463,8.109164905406523,7.937452960121717
69.96045302875584,24.061830469497583,70.25770158345998,21.88273981259091,17.98071105485802,10.010562774344947,10.229689128372762
77.0755105510405,27.98566488743865,77.96187290941984,23.06202255295877,20.023685032442856,9.013542293864903,9.626820427987822
57.97630821167294,38.97747091414205,68.02099285298773,18.97795562364439,15.961149353770368,7.518229149034993,7.533633684318132
64.9294818984246,39.02867363219743,70.0579127886205,20.217844295414505,19.173185882699627,8.485120247150608,8.464334991019344
70.0375405760756,35.99409036637806,71.9480035185771,25.088947221442783,18.10496432098648,7.96274068011069,8.041552371063876
64.97959617548257,38.87863007857601,69.97268744467996,19.939586003266136,18.9683482961529,8.452924685935091,8.48446185480331
75.09603935302063,27.908031456168665,79.01874702867308,21.09151595907116,18.942499220298814,9.459946980210098,9.546719715591422
60.00203934766835,39.02015825037431,60.09636582412498,17.911367296639387,15.058466601799536,5.516878575147434,5.593885747880107
57.90837958208582,37.13918078285633,61.05565907525871,20.93977739802189,18.12282093938791,7.341943181965324,7.520600805581175
79.92080928226412,27.95087245517777,80.0313976586031,23.98347047735334,20.128458962506432,12.183705420811316,12.043287232810714
54.88096203714616,37.730071360408985,65.0214998847612,18.962029400761825,16.998255407274502,6.751933202498177,7.612341043188362
65.03295731887351,36.16834660873534,68.12016331468546,20.97038444364651,15.948711647006569,7.20602214967338,7.000784228150727
54.98689312220619,37.87316105379247,67.81659702801176,19.960273321445733,15.838440564002193,6.864856176801587,7.0012169420036905
59.9487978274956,39.21647677713131,59.93142399039982,17.99345159863182,14.901220723324377,5.54093940075279,5.702839387865765
65.10692721710127,39.13848845837467,70.09884380436534,20.00836742077591,19.01911601595279,8.431773257386988,8.488476422010228
60.145931991235706,39.00980736925377,60.18267922234087,17.923210767592092,15.061524933242536,5.95335004882713,5.538062896503745
60.0546635195815,38.91961610413312,59.98347741120102,18.1785153931386,14.917182762570985,5.398193832266286,5.736859336343591
79.89126369769872,27.083505014357208,79.00200399101024,21.97007163017444,18.91542156949106,11.05938541850587,10.637841674630677
79.9798930453282,28.022133665165665,79.94468042277333,24.11621356593349,19.910162666019747,12.084271686534608,11.992347199071023
75.0,27.0,76.0,21.0,19.0,11.0,10.619630947235418
51.92614060500937,39.97327896669168,62.02799860289844,19.010786825382887,15.90651109860964,6.539723077427744,6.480250935916786
72.89376944433039,28.84694479976425,73.03179733866868,22.95146402115621,20.080222405684147,9.892626727753385,10.04088338412314
80.1152513505217,25.990068233396823,74.88609723921628,20.95669730221196,19.75879982909585,11.20446588280388,11.052924401153582
77.92543827121595,27.04048922113099,77.90973860016214,21.86001970266777,18.92622568270789,10.105133388663855,10.039032688193696
79.106933885614,27.033640655275075,77.02274546350006,23.028187018046104,19.95737557552731,10.498001218622496,10.48508457247812
65.14677870923457,38.90871961542071,65.04400581754162,20.944373043749,19.032497174381948,7.574869994229311,7.532435169477085
65.09319039592198,39.07695149471373,69.94272480444066,19.922975958441416,18.80036838356911,8.503663275505858,8.540279393722715
77.11986173593131,27.8257174828011,76.07419747745875,22.0848249941616,19.110151753930943,10.192408043572774,9.964861656898375
60.00390348120419,38.06273231767451,64.97711400321138,20.089886916297733,16.056117713915324,8.654175488259574,8.462350930929414
76.91245691866082,27.912884742552805,77.92503792505435,23.039373670267327,20.18369151227317,9.000720125436937,9.380530314575356
78.99623346208541,27.26492406383097,77.20026685802453,22.97974631107462,20.078408788382696,10.44335447002611,10.509112748706418
50.048533595399775,36.89682849149892,64.93529665104954,17.903682562735092,19.126723689849573,8.937969110309684,9.037608544783952
54.95370448590311,36.05301079580512,64.93699795452926,18.86130026099145,15.007215652081172,6.767421824740114,7.08356583669823
73.0,28.0,75.0,24.0,19.0,11.0,11.0654416661498
77.07341806482829,27.000285103784243,74.8346294754677,22.03406351520277,20.07253878132349,9.450631653241851,9.444994572886241
76.82532035458969,29.033775161058973,75.8376785909244,21.957908092860627,19.01817136418,9.499092131456267,9.693167133303056
79.9836564651905,28.191438563592538,79.92297394649056,24.049463738440995,20.05715123386484,11.855391684273965,11.979895587510192
77.04608397293816,28.88341398225553,75.96230166637974,21.82083635864804,19.16036572686591,9.55804272311828,9.626658522297289
57.937263125970944,38.9766772747245,68.1764704288513,19.07322233168705,15.9858782048945,7.71210178083786,7.5293040365846835
80.1697411369782,28.078786736619847,80.07822936352784,24.02495582100312,20.06558421367733,11.94355723955301,11.962529344427738
80.16070327545269,28.117229742727048,79.9423359147884,24.072319992956864,19.944926250788413,11.945918335038424,11.973565023824309
79.12120351098238,27.035259891131275,77.07939925653396,23.13132383506748,19.964442185292388,10.477021551900776,10.499599215636739
50.01781961407449,38.95591169816511,60.02016337141916,18.0419226949848,15.086792297375228,6.053945828553564,6.0059675379909025
75.02287224532847,26.11338240345254,75.02980012674288,22.00482224306059,19.069743407381985,11.886457030660782,11.941875752495278
76.06993740383186,27.84071096541697,77.04380550216544,21.82575104490991,19.935003344456224,9.016527101027902,9.000930675555605
77.09211193777195,27.22097692062296,77.99951035887916,22.99807353747811,19.949199239335183,11.966857279501758,11.732642569311649
78.92559560428629,27.974370616518712,76.99589848201104,23.03948028871592,21.072247700420387,10.292332504098471,10.577190271505453
60.01100159061846,38.93456304973631,59.77012029188259,17.954551141623604,15.032631569036475,5.4661447066179925,5.561636362874453
59.02727395028223,40.11364103066702,66.91681439039284,17.916377911576618,16.065361352020467,7.750875069238326,7.502047796048426
72.10322533924577,29.0678661150152,73.05383348051828,20.9813329313342,19.13999428656146,9.847857558730311,9.906335965621277
72.98899731907424,28.94135402054373,72.91858503888783,22.988421334069336,20.104841839234147,10.023066083300986,9.928353057987295
79.07736249405296,27.15312683385998,76.92765670495459,23.06823351064032,20.15543602953128,10.528122465577368,10.47739460480457
79.93506759983522,28.22338459195853,79.97583416319851,24.04837954693077,20.15523688584649,12.10139284734977,11.999809291980903
49.95945606296952,37.06594147972009,64.94549290964648,18.049433528780025,18.9217956862558,9.02093106661498,9.066688221136337
76.92726024104974,26.764660426357445,75.07185174522596,22.002352111268934,20.071864178615336,9.477645960169797,10.093167852360049
71.0016860044418,27.88120380125719,77.00015369897395,20.815612642238808,20.0118707488416,11.079217349648792,10.933374733087451
59.99794310669631,39.03191928404719,65.1426686297214,17.8114264475607,15.167746063263545,5.911684584863311,6.074406736222045
60.0,39.0,70.0,20.0,17.0,8.0,7.996454803687468
77.97463575024253,27.089854353183966,77.8008976247957,22.05225761365529,19.041669087969662,9.841093968350654,10.010430447899317
78.01583678049938,27.0542423555585,77.90146861031705,21.867444947946545,19.08430212591709,10.04578439669564,10.09667659225805
59.9429824713522,38.933318996684925,60.1809788949379,18.105936846420377,15.03327693950599,5.476010038026174,5.686650528652933
70.0,28.0,70.0,22.0,19.0,10.0,10.04864845235465
75.00525291806858,28.068731613767422,76.98268001113156,22.98750585264096,18.94632540576658,10.802397329859954,10.921279558324965
59.967025881113344,38.206589603999234,65.07448364808883,19.91140593003476,15.929006638866824,8.290086418437493,8.289327677751379
71.00151449111031,28.160135073947053,77.0411528358643,20.987489992959624,19.94256406822621,10.989407167899268,10.935238643906333
51.923654807326805,37.97342090927329,64.04458732417638,18.97460552282384,15.13401837775073,6.629156673278366,6.4009819557953325
79.93668891449134,28.10871699800603,79.8844741610598,24.043497724562595,20.09481617313149,12.05696596663836,12.001354052318648
79.08348818835988,27.917093551786405,76.89441249213553,22.94103248327908,20.822281716811908,10.481588532536444,10.52721726764423
77.10674524519548,29.175077484790368,75.06794953777253,21.998240236825453,18.94116847916283,10.074883670100489,9.90636104973781
59.919120792282655,38.91966825325213,59.98809497313648,18.00163408390235,14.82675804624895,6.0250176305795256,5.658235756287735
57.867509134644855,39.09028812679206,67.89189424610451,18.894284061611906,16.042187289540596,7.481968053015849,7.496556014451784
60.11608965586852,39.1066599187532,60.13292711278772,17.940708894194042,15.132198956321812,6.052904831170173,5.481589830358018
74.95377336170684,28.02012148352013,79.01927661966846,20.957544103017906,18.933579750766302,9.395486294128798,9.483256890236262
54.96826734880253,38.04516539139279,61.093146623327456,19.841580509805265,17.951982755786172,7.014349249755301,6.969636223673137
59.91304408794834,37.78194907538931,64.89532389969781,20.01756007414761,15.93051216848952,8.570494622490358,8.490176764701555
64.89904499614259,38.98367119499337,64.91196602298565,21.06247606671602,19.009010186369835,7.348078714342454,7.461615853061055
57.91728754874747,36.950700358370725,61.06384962471163,20.89832662110938,18.00348265933885,7.574779325127932,7.5037036444509795
60.0,39.0,60.0,18.0,15.0,6.0,5.563706514210292
56.22586124701154,40.04039217939952,67.05111103116022,17.900242629239283,14.978088595077756,6.913744556041754,6.951446235274944
70.03463909011502,23.96565475046045,70.12479930847337,22.07819810333693,17.904868152124337,9.861259122947294,10.671979992887294
58.04686619766384,39.01994528842091,68.06198045074258,19.14705045905998,15.964209498754029,7.56661118083258,7.48210017362205
59.87627252446253,38.91780084609427,59.83687093275496,18.07977422230656,14.915025170294848,5.503731112935434,5.804395073007808
59.97304886273133,38.91814411426509,59.94106237830977,17.923165626801662,15.039425276790432,5.473578961552133,5.593823371524998
64.98234948420189,38.80049143629489,69.944701185121,19.975937999293983,18.893613149452293,8.483368154923026,8.491766953970178
70.0,36.0,72.0,25.0,18.0,8.0,8.036540684268935
65.16105381461858,38.01450777099219,59.86332044156817,19.9827130252078,15.899597438044731,8.04743258861682,7.990416644351192
80.08013030678616,28.015299318868465,79.96224307603953,24.094517950619583,19.939293085538488,12.0398453031396,11.997519231578256
60.13870133339587,39.11243951604807,60.09281739881273,18.03111992160432,14.994095254223463,5.323878266976028,5.389310022659206
79.04472520577443,27.81549898425526,76.89947902309152,23.10645536878108,21.010289838015964,10.34790837338634,10.46811746279694
75.02052417196165,27.97364612663189,76.96484902261199,23.05855493885377,19.05089052822552,10.95959986775806,11.000477717922513
79.08400840640958,27.99071983196382,77.0638376761494,23.10352347538066,18.96064430240843,10.140301942100502,10.008300633356004
65.04857710049431,39.04370116916566,69.988281044154,20.031302678798887,18.97529141454521,8.512720310818995,8.496460270815332
79.00449407442726,27.934176395181787,76.99251643497826,22.843060617774853,18.98751759369512,9.924294786011956,10.002312090192149
51.81505131230509,37.94471509233577,63.99790365543805,18.84983066639583,15.110336777025315,6.599184980878523,6.448752374951298
76.97124090816949,27.96841688117168,77.96528710297167,22.948931853613985,19.991571544636912,8.917119889111762,9.200721845133165
76.95084395639917,27.93723769350976,76.21236433862268,21.90116133897784,19.062717985100747,10.01546342385866,9.95616697747789
49.97002895917039,39.09293669250867,60.14563884481107,18.0219879193776,14.986083854528324,5.918772219201507,5.974199766042347
77.02050952590791,29.054706779298165,76.00004984147535,22.00502666092392,19.03137030048724,9.38906794175039,9.516440874497178
50.18428269892774,37.108484121332005,64.94191740382922,18.08169054184213,19.08249949216115,9.032094897641883,9.041290607647765
60.18926322477222,39.02322213686022,59.90843886417162,17.90736523228129,14.946392099550424,5.575293023547738,5.48578564652202
76.99681277513083,27.8297554027808,77.90409716893865,23.254005455273663,20.08766337038708,8.833175771721013,10.930336645616594
60.01160966185071,38.90430594712058,60.196809947458505,18.056293648202697,14.919653490744135,5.701998430045253,5.6152232875740955
60.109961141030766,38.77648888736136,59.92483569744284,18.072898310759264,14.85302264406337,5.967021495056709,5.569253435070496
79.83081035370051,28.158536595254493,80.04101192259809,23.966821370644915,20.04637706813428,11.956151516104269,11.966890111111695
77.11775795467562,26.730171012284416,75.13479717784556,22.109135877308383,19.86336494530576,9.57349283925314,10.500199127102517
60.05537068830299,38.94902762112595,60.01159522450104,18.269074382533034,14.8258124542312,5.568254594423969,5.76210700147619
60.02328129569506,39.05555163386117,59.99104343772532,17.899063652696547,15.138781283324963,5.456488829939566,5.569414892143325
59.88638610531017,38.8359464578904,60.23822818423092,18.066861256584303,15.091350322898188,5.508504835801851,5.844507912323793
64.88004462478891,39.16011624283437,64.90554220618063,20.944644866575807,19.20460492377111,7.401432758462592,7.432901528704349
77.93292467334975,29.06172691860428,77.03457744006002,21.0638127009244,17.93975514631522,8.892041204013664,8.934594493934178
65.01750652648334,38.95702397107413,69.99427777071615,19.89839651235453,19.03455438353185,8.548402073060029,8.457743144236456
79.05365522986119,26.83374811103212,77.01049963818757,23.051366503184138,19.990603392832234,10.575328593535032,10.509767714522871
60.10883488235523,39.02260397276882,60.04474340498969,18.003837027314187,14.99749480225302,5.656769204102732,5.45256463934745
74.84212238873363,27.00996091338429,76.03973000199962,20.99910606403306,19.046700470051213,11.114761285792191,10.555279783150363
49.91308106690692,36.87569713073064,65.07151456527299,18.176827564538023,19.05651225491333,9.05163948678109,8.955000362767924
69.89321036056427,24.138053447927376,69.90532387367689,22.06684664846349,18.02051742573657,9.962595046294512,10.552473564086444
59.96826812477793,38.02047380308365,65.04967329194643,20.16807310500322,16.038416223792908,8.515792433425872,8.50546818301408
79.09224987656962,27.21471032411885,77.06980544024873,23.10786359643225,20.00865131920848,10.544053739709836,10.478385664359534
79.11547200779846,27.98475659392542,77.12419297823755,23.03021849820829,21.00915835507065,10.538089422049357,10.412224326539917
60.01576701209993,39.00328823645164,65.01953700367635,17.80191204912119,14.905991042716249,6.025406680264103,5.988797102937311
60.04961461953906,37.188998221833096,63.078000628821584,20.115906725479363,18.05871502253158,7.020077192601744,7.403871225768911
55.0,36.0,65.0,21.0,16.0,7.0,7.003026477084316
80.15789239902787,27.99159898363939,80.13736522459884,24.00945812482564,20.12230186436713,12.337651203855431,12.001187599123089
55.00173573064792,38.8490294916012,61.0248671360846,18.1189762828992,15.90424536606919,5.966978935907032,5.980902972850143
77.14460110851962,27.024462570702976,75.01956516134666,21.99967678313008,19.91197126256623,9.377941545498931,9.534902502726888
80.025973309006,28.157192590477244,80.08604996089908,24.044310258802817,20.13062025747492,12.024428350298662,12.018499281195593
78.1579433978361,26.89381906483619,78.03809641040891,23.26313871357837,19.160481801573816,12.107693295374064,12.006384166687718
77.15015380410645,29.013775353337305,75.80973872473399,21.91919502730613,19.16165651537032,9.594389139251687,9.720572165914296
59.93778899146202,39.27933134877985,59.8414180663487,18.09178889321121,14.853917132058148,5.434082193057753,5.668881364830689
76.79579763986897,28.91604686733435,76.01778725271723,22.05729182627416,18.816910769246675,9.450012142955126,9.568330827394933
77.0,28.0,76.0,22.0,19.0,10.0,10.01456171562881
65.0,35.0,70.0,19.0,18.0,9.0,9.002221339683683
58.12584571738304,37.03307262618863,65.79774754210813,22.10093116661152,18.01487176007946,8.069851380224259,8.054428511885263
64.79988640688187,39.17892531353511,69.99420918122014,19.86578930436193,18.7827882607466,8.508550658114524,8.451318310430075
64.94113786017239,39.02158258531986,70.0904634720893,19.885405733283424,19.01372094357973,8.564397146859413,8.457316446128806
49.97993533715551,37.03497793325411,58.998682217036176,18.97363956102912,14.967568333198525,6.071299203715485,6.059119415967351
59.90154969626802,37.91352762631745,65.07394707153017,19.93524335902225,16.16249385569901,8.500782166386216,8.564299255103242
77.08361868869402,27.06509146208579,77.99692379639247,22.889241246624167,20.10633638482873,12.07226841874938,11.937220068467902
65.13519126825955,39.080470711741214,64.96834329235064,19.092008365589205,16.09491284678104,5.916257491992095,6.035299975667381
74.98833098505298,28.063269480936103,79.18354897554968,21.05460579100872,18.87458493201257,9.5104534621042,9.547818709830093
51.97055739406775,39.88181818043903,61.89352894439332,19.014355165671283,16.041777068615442,6.543474166458791,6.473323886662303
64.97976058581759,39.06428034934697,69.9641191535705,20.12109728022046,18.961749443683686,8.571500844902616,8.489079541147271
60.03630408262611,39.111995584570224,59.996160816814346,17.957163973168896,14.90329364672689,5.97818280126706,5.527683807040847
59.86625529291085,39.059600968109976,60.03398146853405,18.002059878972986,14.898042365970564,5.447024635049059,5.600647476268773
55.853619301921405,39.84114683822029,67.01661610552733,18.053491482524592,14.962674758783288,7.009724231974185,7.048543739318022
78.99472427177831,27.03437792774664,76.86573396682216,22.813176874616687,20.02895774663345,10.759791668620638,10.403994205598657
79.99333622492912,27.989800327722943,80.05054065857395,24.074408954427312,19.985017388516933,11.920942940469176,12.011991603611104
72.83438586874875,28.800528624715657,72.92400660880865,22.885309845719835,19.95431443274992,10.007042177600953,9.967183952447058
65.09164091608349,37.96922210501023,59.994405315416046,19.92886157063321,15.971715778821492,8.138741942694873,8.030217288151134
75.01116273463089,27.871077277107386,74.99681629453212,23.0014585247861,19.886126188116062,10.89050815860316,11.07283875511254
78.94894189543955,28.84154867316288,79.07682327518549,22.99559878750509,19.95662440988136,10.95771433502324,10.90634933223824
64.98646997402709,38.27610755792136,60.020427645500405,19.88582567012456,15.922637402184314,7.929101024231984,7.807783037315861
49.89458863137322,36.90456925039279,64.9333511767555,18.096174568176888,18.942434690141123,8.807993882445375,9.00009811870442
78.06824216242276,28.080205341903703,74.99084082623874,23.04019902409777,22.06466576211174,11.23311029402488,10.99848121831184
80.07639403733937,27.939790439946364,80.11371768065877,23.896332546460048,20.0983931251256,11.8559021664178,12.011937383486034
78.94268401243427,27.014634068915345,76.83831228931999,23.08760618223114,20.04420565540495,10.348502592277049,10.4585027279671
65.10138844940025,39.04470878140433,70.04231702403784,19.945590245135783,19.227915757396065,8.409592598018333,8.471413418093267
77.11583633458713,28.020919158575225,78.05532534079701,22.83663854403613,19.95525256479461,9.012608972534016,9.35195492188708
51.98631307195366,40.06611368459326,62.06441239113023,19.04725657615569,16.02722711061755,6.525225447688438,6.555647075522931
78.86871584688134,24.098680954958965,78.93071159360717,22.043925914132995,19.121894716523062,11.205307508257835,11.031600163746925
64.9887334439591,39.16601843289207,65.03982438243446,18.96823040300276,16.04665346743026,5.897876302724707,5.99461133939461
74.99474888868266,27.94734110500714,78.95857391281578,21.05954881095808,19.052297064138227,9.5318470610592,9.473815031373151
80.11155558278114,28.23879298281977,79.97198801887637,24.10602859576045,20.06526690849921,12.264358426250926,11.98601873994872
60.193607559267214,37.96827625808635,64.9536901335625,20.13554145644581,16.05977065152145,8.516236490778383,8.478052909001503
74.947348851634,27.961023304221992,74.89257856195017,23.052349806588712,19.983344025828124,11.11052730460934,11.026810712772956
49.819718727056426,36.811908601356265,65.07263504408523,18.027010216708884,19.09046957524741,9.047032963989508,9.061243122594954
78.98672440132476,27.86081753135048,77.04213052524081,23.023494308231463,21.186048763857443,10.462226309477067,10.63078799318206
79.01833484112022,27.831325283991127,77.12906712946,23.09451096526677,20.979231948416945,10.556596932576769,10.445334627523142
69.99094146183337,27.873480033511004,70.15943817209845,21.962665561582025,19.109376368690025,9.89877077902411,10.070197529746427
74.88834212248086,27.85980370068378,78.9487546219646,20.915334867338963,18.965600329167188,9.585009730223478,9.504944937989357
60.0529169983232,36.05308172593956,69.94560321366254,19.954310839588675,17.960971561528254,8.010012932423521,7.934032973986283
50.066059547695104,39.93012655810339,60.03360085958661,18.11911859379262,15.14145767646031,6.15383631036474,5.998925510755008
59.93687636289933,37.951503229200966,64.98477858687916,19.81095211505264,15.895881638570389,8.540880343267007,8.4696512045984
59.83280108274895,39.10712087745237,60.01978236735496,17.890262502054203,15.109269131949963,5.951059927006262,5.566653598110296
60.0,39.0,60.0,18.0,15.0,6.0,5.563706514210292
78.94747858670482,27.79720472515482,77.22649900257072,22.87920658551829,21.058152006520604,10.514193684075476,10.553519246458517
77.81937496308697,28.96955110208174,76.8977699712375,20.85740376311851,17.946019259138556,9.095886951377487,9.01573877837336
79.06328248941715,26.970347471271825,77.05177972662307,22.998312495902542,19.93916624923608,10.464374463017936,10.50544756393648
78.84193158336493,27.99057295619737,77.18463111721469,23.108132087258685,21.04258884725649,10.363543155845123,10.48390604008563
77.25445175873121,27.01663630773044,75.08068332437362,21.969242105733013,19.924631443876272,9.58640065552772,9.529536198978562
77.92115117164381,29.01959730265923,76.92824092181927,21.047830216892464,17.90761675664327,9.108722982206642,9.000749332307448
79.94544124125156,28.07483349054612,80.15995906311984,23.722843711119346,19.95198773890992,12.030040912306506,11.981438586761103
60.0696653552072,36.92156163768654,63.02955723388402,19.96829431272709,17.895086411596427,6.920857389941947,7.09805733963955
55.013125927456045,37.92455167626994,64.99187519090788,19.03476305777905,16.933624969967546,8.075160909265609,7.566733982201537
54.92943611603449,36.03875477173695,59.93652846579736,21.119387429162472,15.940332259377064,7.204104934207326,6.98198181640415
58.8712204461557,39.92814445215451,67.10149017262907,17.95358652446373,15.88898229655123,7.636530503283864,7.480864394853489
79.05030666486299,26.98086453041273,77.1247580148335,23.05019679025889,19.960694905580024,10.584637699323784,10.52073115686739
75.14363358505902,28.11322014714903,78.93856747389499,20.986930933262656,19.224957915240857,9.441677507981282,9.61078405478857
60.11132369139202,35.93771037597712,70.13370274057411,20.0192136653934,17.981227423214847,8.138869846383475,7.972360862281405
61.92343755499189,37.06654748137216,68.08608805532467,21.90861447646762,17.878911939174227,9.009323973870668,8.326998475222972
59.981743118678246,39.12653204158587,60.03185322855175,18.075136353584696,15.016708306434616,5.4577638363541805,5.5622579605183535
77.99386261603851,28.04206670486121,74.92407119774457,22.87536095614269,21.932569302490364,11.012348196705824,10.81173923336832
55.09283208202312,38.02978906271462,67.82081389572049,19.86215998334636,15.997027312169514,7.04496981832095,6.949380232363918
65.04941037691583,38.91291273859646,69.95148332965,20.1310930146998,18.95292064281036,8.502521186673357,8.445512148870225
77.16319939360008,28.0466881354085,75.93723457721869,22.10083886789349,19.23843816761072,10.106663102116029,9.803905147659437
60.07920505171885,38.05822412767642,64.78029505553616,19.925504145766105,16.024021074844754,8.423210921624149,8.60950516287875
77.0581292467428,27.096946761454216,74.94625620654392,21.9852209731134,19.98850119621124,9.496028844691391,9.478896964678233
75.20837847661699,28.99691997582936,76.9896369415295,22.997964474226567,18.94650950297646,10.021375565722773,10.014037695614501
77.07080732981208,26.94227334582796,75.10558310189582,21.94809118930162,19.837665157527223,9.461552949109963,9.626820126493383
79.08474468735614,27.157762422358616,77.09229256076401,23.08411388186072,19.82370448341687,10.446499930903029,10.40128521261587
60.06641908347948,38.97697441428152,59.84145363748951,18.074394630187257,14.923794584983376,5.512481280891329,5.567242872164003
75.1545295166261,28.06542772161186,79.15241310511256,21.00750650613333,19.105028976874888,9.554415649330965,9.50975514312957
76.91860945353278,28.97753712938412,75.93134493756722,22.12990188699972,19.093834761983924,9.520409461761798,9.53427531136718
58.1621797420329,39.08656879158716,68.00574476667582,18.91439994802527,16.234593600630824,7.423223981488869,7.4594278738373285
60.07333678483688,38.984079597577086,65.04292981303792,18.960393574779083,17.083707919276126,6.583522571868086,6.480770202847883
80.0809925808396,27.990785771465426,79.99555844692554,24.05500181872593,20.290505049108223,11.881104865443453,12.02223574514681
65.04504866858608,38.97579250229778,64.80667055612923,21.17963926852353,19.00587537421293,7.660576402740653,7.425354776633722
73.1058237424742,29.01254766359319,72.88238032870942,22.818014750560504,19.86927189237184,9.99570336641628,9.962558747464419
74.9755927746851,27.970292157817468,78.97580231402969,20.96113543484128,19.031381901492992,9.6142056769273,9.472585810458703
76.0872216933682,26.12249451801606,75.05328089929974,24.023311914979907,19.038844099267763,11.066948776731062,10.972604345253329
58.967085765605546,39.86278520076105,66.80999865003572,18.09704374361701,16.002815500144106,7.556548100680052,7.445509752350688
71.99432545886579,36.04603255226653,71.05600642555952,20.840580623376365,16.917962535129213,6.918230236656265,6.961307354785387
77.06705515824245,28.07111086390982,77.98397445940097,23.16998673601244,19.9857503217385,8.948056799283297,10.457282424095652
76.0,26.0,75.0,24.0,19.0,11.0,11.001528560626262
59.95809954240491,39.12650746757932,64.9741827726083,19.105218494265834,17.07400451548177,6.527952811575772,6.473734582373879
71.09409358227263,27.910398576651826,76.99907540005809,21.030841278171025,20.06134944917569,11.116149026217435,10.915946662676436
50.02126592506129,36.95139254525091,60.089533954747886,18.005213717751314,15.049526529290077,5.957205293295975,6.017980368911605
77.00983061123061,27.20028575853113,74.98011923648468,21.97601745482092,20.05054156784505,9.427826468045437,9.47193403878223
60.12995447261778,38.93508906923866,64.9468882326356,19.002808998402944,17.033310981363893,6.307671698159941,6.454115248100953
78.17860876552558,28.08574856535394,74.95732419967193,23.055519584133137,21.907374195441363,10.876469700631269,11.004173817607642
64.88730782409598,39.0680053131833,70.04771513487222,20.061630411115587,19.02951268352713,8.424522701961724,8.487611356608113
74.91472998501432,28.136421428913017,78.96245135935537,21.01272167736958,18.992530947332064,9.450163832811551,9.459541890548405
50.02207046781167,36.95649056844851,65.15187035048982,18.126844205867844,19.252930307834145,8.895172066997162,8.89633423259175
65.05372233895402,34.982449127407406,69.87597514557726,18.86294752762996,17.950568972477317,9.0144209540652,8.98795106498384
70.18466116313957,27.979200642175066,70.05591877426906,21.904360793260448,19.016797879523924,9.97814911830266,10.042390412274633
49.92602769406243,37.18099128828317,59.98210193192062,18.0040241957248,14.927661390862214,5.998075634418669,5.980720071103877
52.083058372749576,38.1053953178102,63.98203729531206,19.290696342591907,14.94280954353227,6.63940224835856,6.484886331427624
49.9036139713874,37.04578570155319,64.96179293931735,18.02845507158287,18.964991334804136,8.9595631708207,8.967832350651847
60.0529036223889,38.99845658887602,59.93525132319358,18.149048350863254,14.957199124283758,5.561997139853335,5.648799249870993
65.10975201220513,39.20958322265466,70.15169275449297,20.149614264521123,19.12023165206892,8.620938890546261,8.431694110396784
71.88075968618061,35.9094845905388,70.8737329422214,20.87540700486732,16.95530817047929,6.99163422285632,6.907977725701466
77.17837194396238,27.23138140501881,77.94766454287188,23.126728441461903,19.96228053776727,11.92567068973092,11.786005129006478
70.10208673387994,38.90720513537088,69.86235594510399,19.95957412401204,16.034208867192422,6.597322756125208,6.465132705909423
59.13852048269265,40.04203180980357,67.03588121816084,17.96233003368923,16.073158787397105,7.548547224864827,7.508257384349898
77.01628622512291,27.046416032467203,74.95837926723256,21.992192770091663,19.91415639637062,9.607855567975951,9.522279418210845
60.298247874880815,39.02810673240053,65.13285512741454,17.950161054715725,15.097416336589196,5.876920065165085,6.13411005004946
64.73689458711762,38.97478344138539,69.97143622483209,19.92577596337521,18.871677839724267,8.43589838151098,8.449818946349525
69.96839895239557,28.151169632598585,69.8804321058867,21.84402972856952,18.790107342904065,10.132935218863215,10.09423687829102
55.00523906784903,36.04254170291983,64.97356572168341,19.038245333616803,15.1922228368675,6.990691866435289,7.056053830079553
65.05779658982726,34.838489925722484,69.93350576272034,18.99768906147978,17.88091279550749,9.122036528548918,9.025065332948643
64.87249997357529,38.99399007376526,69.97775856213909,20.0183635481746,18.890219222819148,8.578660518198472,8.447467052311259
78.9376494585107,27.042684526119167,76.90136319293904,22.90649333053283,20.042542262676047,10.42326786930265,10.520480642109755
60.07000167940942,38.287072543527096,68.03099718486202,21.89235103289517,18.01210294946953,7.944185454433433,7.933748972879962
57.97127936487656,36.91264307467843,66.0413564971269,22.126408453654907,18.14960069378983,7.875588106261936,8.08486082496295
60.04691299708618,38.91057000547084,59.78876408054022,17.9895234904514,14.99083485423904,5.601129917911515,5.470525197490615
60.14099816657796,36.174108211531305,69.83469921483879,20.05725918702577,18.01601574751261,7.874698476825159,7.932751669834448
77.13679350312397,29.02416670654645,76.12838373161784,22.081834820655565,18.874714495913544,9.50004256756544,9.41159512523294
52.06826154230933,40.04093648144177,62.07668275021587,19.05338753480113,15.957926193628555,6.209850606320802,6.558161482358903
60.02274985045938,36.09961789887324,70.06740812988424,19.78904783570316,18.15850320719288,7.858042656694372,8.26116750604259
60.03236843033816,38.94080639208245,60.16393559493159,17.90660650443684,15.184745564657891,5.400477816638372,5.539978600273278
77.07374278307168,27.956779034885365,78.08226378855781,22.952156828157808,19.943152918323907,9.14765935928393,9.386173153212553
58.15509793344389,36.96969438374909,60.91265376151262,20.97532483454729,18.104478104325658,7.467411566734301,7.472554817120787
78.86522606575507,28.04794368804862,77.01854456293071,22.945211852524025,21.09776888907973,10.30444810322514,10.610179801798882
51.92555432562384,37.85661018828117,64.02956872597552,19.03432061496934,14.977794507948962,6.544433322445148,6.517208651447817
58.01442319054074,36.88423060370895,61.06356063138709,21.07556341482062,17.86772228169047,7.541822022053872,7.459947887840625
78.98226803727046,28.002240117435896,76.87620543296163,22.96250259879432,20.986981190744647,10.592797514873364,10.4816125462626
75.03512210318904,27.87909937606428,78.96611536214871,21.18567836754692,18.90762436593113,9.53495193807197,9.454624847908477
58.05207054964738,38.96791523396446,68.18514930948928,19.059740747950084,15.995706252856198,7.472199912164886,7.5099784078121585
76.83524933101661,26.88384334935728,77.96836345837784,23.09751858058297,20.220692565255057,12.108291239341025,11.776199052114254
60.02925080777376,39.16360320365365,59.98411846436286,17.972664017681325,15.071331105365562,5.623102128039749,5.537312323000319
62.05187773891666,37.043688335937006,68.18178529796982,21.89640568903321,18.04712599267209,9.254631573721092,8.998712095256272
80.0,27.0,79.0,22.0,19.0,11.0,10.674576185673391
79.06682681305182,26.81384889663464,77.04573198869394,23.118836139319924,19.92256771555119,10.31678385467622,10.517094614714942
50.04513681786037,37.02174939345048,59.998563809584766,18.154768673267714,14.9247904183277,5.992952837634966,5.970707897291913
70.07884592522376,38.92533888723592,69.9773933494035,19.97522535523568,15.791172513093612,6.4201674448121135,6.5228155111721104
70.14500944867964,39.07841891123514,70.03848468587013,20.01049581330264,16.102964265019345,6.524929462356186,6.46771147855785
55.03592578653617,35.94873088398428,59.99000912854735,21.10910022738752,15.900595782225132,6.982579037917018,6.97364980233585
59.009224724682845,39.826446414853294,66.98249412712626,17.990411092778267,15.918167991783095,7.610947556184642,7.459960537932327
50.18417861176155,38.85116397117272,59.941774771314606,18.09625868563141,14.714460481126952,5.990091890723127,5.985594405957622
59.996716017785445,38.00853985835117,68.00008567028925,21.89529528401592,18.105650636300343,7.925569099472838,7.96898899891138
59.923705312472045,39.18404729374014,60.064488314125214,17.954982314028758,14.96715447755003,5.457429578597527,5.635550922546193
74.96888060859789,28.04434200857772,76.99335672441084,22.98608008461582,19.06633638141826,11.088904014031328,10.936244228343842
52.21910179351516,37.86047831692774,64.14323246834549,19.07803336653252,15.036312314718188,6.392306869008394,6.525620594065011
74.86614001821512,28.774656090625182,78.11969893526035,22.144770841071526,18.971346194241875,11.203363910976742,10.84270687420331
60.10575018367671,39.083801767573874,59.91930069966365,18.046529397455227,14.888802455479636,5.645801012633885,5.465118288928934
70.0,24.0,70.0,22.0,18.0,11.0,10.0023667197633
55.004408016606256,37.99351538182568,65.03202290557091,18.89241020672427,16.95718030901148,7.21675686053484,7.598161384298618
75.9461605804621,26.04837879432292,74.84222060000626,24.021803783844657,18.95488766127872,10.957605680166052,11.033375034232769
78.8860287774433,27.926468092120786,77.12125419840564,22.98088533852908,20.94025128014497,10.642849880179554,10.47686541045912
49.98964597906187,37.14902221604066,58.922138632271576,19.18339771694052,14.896859903023277,6.243730188975968,5.951329353678321
65.13447924122308,38.10599284834001,59.95124797792778,20.10345562933749,16.155024760442508,8.089053631066419,7.994937643094747
50.06561087995517,37.15568076105349,64.95031400819114,17.968757722870972,19.041133829072425,9.070615674244197,9.027066754794015
76.85989883511358,28.886217922537394,75.81300578457841,22.021439750576448,19.04884094540323,9.692356299358876,9.68937207008213
55.02645726871093,39.03688115946014,61.01697602844976,18.016791489818345,15.911309897385363,5.922552186945532,5.981318315793362
49.94736962737459,37.04844307898825,65.075116739581,17.960191223797608,19.028997546997825,8.939496787578646,8.999368231305715
49.92428950938022,36.89289350412238,64.97587845006002,18.009985904712973,18.9236153199825,9.078374436535489,9.000491384433744
64.90247491216533,39.173495456908135,65.06382083918903,21.11408912737129,18.98257715127444,7.473650458187588,7.436225941350334
64.78251656270571,39.034108309948536,69.98031393904179,20.15253132722325,19.097331814946653,8.749941599870175,8.484773602537977
60.11404526376408,39.155074025451626,60.0525351788069,17.873806349472677,14.880984467745105,5.618522168762183,5.639174912896559
62.01211140029385,37.01066080231283,68.11456923427527,21.98576072911544,18.024945633575093,9.063544035446183,8.985312739630071
57.95596535746391,39.115744994995374,67.89066616381487,18.89922421501016,16.02003093007993,7.420348854686346,7.487848388323393
59.98186299118951,39.02703870652302,60.16826876381891,17.97675534829373,14.889315903597842,5.514015681132656,5.6574179851222235
55.09023181874041,36.003842112934045,65.14704689065877,18.912960581652605,15.014107753777935,6.775524229392285,7.059570330177109
59.96680366415096,37.97278860207693,65.08331028579892,19.807640108811537,15.963226983568603,8.555725436064494,8.435642131378932
65.02110580023795,39.00291960036324,64.81311268716878,18.941640829698905,16.064356558193175,5.984184452912658,5.974454438894063
75.85212175924585,26.156135711160108,74.98202464724812,24.04141811916251,19.05974995737074,10.943643103110684,11.07445829562874
78.91668067522495,26.96157188884048,77.0300765858898,22.92190245606767,19.891704629677005,10.58566070446564,10.463755411899049
49.97994925742517,38.94507968736752,59.94878599826136,17.823550948868682,14.828427021790567,6.058504052572682,6.068867866462021
79.94979905345387,26.969111623051848,78.95254247140079,22.06006266358883,19.1015469036094,10.778463739391563,10.774103734932421
59.99607938623556,38.9378020613609,65.14376111106955,19.056087002447008,17.059096144596367,6.439418385678337,6.546529029971002
59.92754409695087,38.98010235298637,60.00147930422897,18.0144960740822,14.931734312196468,5.569292528932912,5.573584482916056
79.03140606432622,28.01738754784418,76.93782369867701,22.986371738532046,20.837469025198764,10.45856807043562,10.52491044847215
51.97198590294571,37.79930185429847,64.17184943150802,19.037583450243524,15.128893945670908,6.467627170976765,6.474248861853681
60.14912714145058,38.95475938474772,60.13353787903859,18.04926375745541,15.108732973742322,5.602828794646877,5.458001606883722
64.88819975601949,35.066011043229665,70.0373051015876,19.078479735064693,17.877440999218287,8.94417991786559,9.000746574425108
57.88830647980468,36.97556713473824,61.12828779477202,20.985589825128176,18.167210615129967,7.556811580269691,7.625561374696958
60.06786116719663,39.11082634557281,65.15820338875459,19.102581733382948,16.82924669646181,6.494827309520834,6.67227380350771
60.136484710516825,38.98160707557643,59.99308167041659,18.02359705014463,15.022561473510116,5.610484379231391,5.468375013420978
75.10962601227877,27.953150993203185,78.8449574610923,20.9422843237402,19.03182739234507,9.533286291055392,9.525840544313176
54.89519656885161,36.08645572656478,64.75299284529925,18.91451312433999,15.06333456056805,7.0163900603977645,7.089356185991928
59.852476331539314,38.914179605386686,59.89389469191731,17.871311855681345,14.914916728994235,5.5654822847712,5.496534809621497
78.98344278762067,26.993490463094016,77.16462466749095,23.027329446853106,19.9003736126994,10.630300659236369,10.452987852228958
78.11661935134101,28.78054651258257,76.88020855256056,21.0882421968396,17.891069057682444,8.858295610056159,9.004947965788642
59.91686246617053,37.92725200237544,65.1107750495648,20.036423915996025,16.062397649615807,8.574605279232564,8.520487292693362
50.04002672557656,38.93017073704419,59.80300257856189,17.970588645905014,14.880481536957454,5.930482563968237,5.997490273207481
58.05571017622012,37.07724008566672,60.93885097204533,21.060313957410955,18.005360117819375,7.553121282537641,7.502855201978291
79.9063903511777,28.066709001251777,80.09552015952119,24.15675713652945,19.865324868346374,11.988937937709332,11.982769683845513
65.02355493247555,35.07501225564581,69.98826096483955,18.96080366938423,18.06165531171421,9.046463410516855,9.011110398033662
60.0,39.0,60.0,18.0,15.0,5.5,5.563706514210292
75.04710855372403,27.9914781420038,78.9547333464585,20.91920638506956,19.03809222035,9.626286430296304,9.477419676480629
51.91875454163973,37.97024537794209,63.97112052254769,19.19401827394985,15.044241036245626,6.521852029052461,6.501894939832934
74.85689619400662,26.052357060436844,75.01202430100008,21.874334602504536,18.98229629220225,12.05494016110288,11.950227449976506
74.91298935778461,29.02521659395163,77.85630747771313,22.175749172698254,18.97801309919155,10.824894320813716,10.743350897497114
65.039400109658,39.00642681521246,70.11411565579797,19.91943658181111,18.907319951144867,8.504618506595486,8.487147500417603
64.94567180126536,34.970745062887495,70.05247906109132,18.88256300161689,17.98036255480405,8.958541466265828,9.000238473768464
60.01952764024898,38.98338187134739,59.853799181548304,18.05579046300468,15.07847302672261,5.718793058642871,5.563197015680567
58.97287992518885,40.033222544224174,66.89140465921756,18.02861469352372,15.99081199887656,7.556763696740874,7.469607998124231
60.092365988682,38.01629973843486,65.09590878639239,19.92377209387908,15.991666163957593,8.691635023605084,8.501482941781696
74.91843689716048,28.059933619914265,79.06132266920189,20.98010291317363,19.02589622269183,9.47187223476861,9.473589673087371
74.95610480290513,26.954743283962664,76.17805860259443,21.0251924774862,19.0287500690999,10.820336995279984,10.66566043676798
59.88557491359352,38.97053630349792,65.10866072765546,18.87096206546611,16.92810041532702,6.476320983429657,6.470803243939442
59.91162505556226,39.09944071788254,60.205939187898096,18.0480724315813,14.872656825414042,6.130395417286629,5.726113976218056
72.03242935127733,28.920807394704333,72.9333414503016,20.93182453551712,19.056462986433583,10.143284084444996,10.018460501137737
59.87416097445171,38.97307697765147,59.97342037012043,17.857534226105106,14.933916087982212,5.416304954562245,5.6457154228220965
79.80371225268898,27.02367091431202,78.99920531489643,22.10780127159608,19.068551237370816,11.08150677079747,10.68352011513296
79.03690837487979,26.936772883049287,76.91104026583228,23.125062284580665,19.871053125694807,10.336656600248851,10.41619834299484
77.927910202328,27.89248718593059,76.98366585797662,22.97088394090445,20.990600688439617,10.993441412151768,10.97443466579182
75.09323375045504,27.10586047441729,74.97997469772459,23.03178465952391,20.070744836133333,11.017970594198337,11.057894420507312
77.04903904721553,28.05179579515966,77.9889097977307,23.173287718377185,20.075999607750635,9.040024208018462,10.439031574518722
79.03501060598118,27.019718181392488,76.91465856465214,22.88052470939621,20.00347745869629,10.422546197243271,10.493936150150402
60.00731755272454,39.014843374698174,69.93278136101459,19.85467635963405,16.973689772639357,7.980075785888208,8.078078780536933
77.93018382194468,27.06213084369956,77.86903470694303,21.954938086340952,18.78345630716704,10.06198204786126,10.009549553930094
78.10471606408103,28.03293820122156,76.98649546725936,22.758596546942243,20.85054155591544,11.147567132385188,10.209342842786587
60.02426210651343,39.11207666455546,60.08420274780831,18.04602205512858,15.055521974411938,5.444887044305844,5.454496684313385
55.00095981692039,38.1027106876457,64.94950003456819,18.809495493376254,16.91503334170901,6.926677668762872,7.6853170813265255
76.96237920296723,26.934288905438883,78.04795223872922,23.04562100578156,19.88370313442337,12.002969930387186,11.8925657414591
50.07056413145283,36.9264891943692,65.11578817014447,17.8411519723115,18.94174493527509,8.915768788212322,9.037299692199007
60.13234371208937,38.9914729158698,60.2018158054786,18.16216565356029,14.935946874440155,5.583857788262035,5.544954538245194
80.08538239408561,26.13459054669787,79.94264480853009,23.92675151415386,20.10670316223329,11.866503573167902,11.987094620993126
59.93410150033177,39.02597117605579,59.96121980856506,20.03347140986049,15.845575086615622,6.759906264827854,6.959457893551306
80.14888988421237,28.01726233476104,79.96870405036454,23.98805580087016,20.05236863933811,11.904746761396186,11.992291980117354
62.05555450966669,36.8423691268826,68.07895800278793,22.02381623529965,17.938002353212514,9.027362084022732,8.375797124694406
65.15693243908562,38.72662134964908,65.08430387110457,21.035628661391826,18.97302599491528,7.409156403319279,7.507670554805501
50.09557497584778,37.07582047711802,60.12427298340142,18.005896233711578,15.194722032793091,5.954484129243559,5.997013436901945
69.94595508821583,38.95622672007561,70.04884220587022,20.02945373982784,16.058122607010297,6.449912209875143,6.4984027536719235
49.89205214601071,39.02823614867622,59.913289703041926,17.940366630549335,14.98069110447763,5.988693443928601,6.020524888028203
52.20201266293281,37.901137017613145,63.955782341285165,19.098833003040003,15.21792750678136,6.386422145633431,6.396992150060937
75.11463094228796,28.05902458218951,79.09645105614953,21.055563198903013,18.94555612256121,9.360986912404398,9.442297310982857
77.0504841901312,28.997098782119185,76.13848678970768,22.03238807397045,18.83942931112876,9.53345405697389,9.40779121740495
60.060720521744045,37.92909729578425,68.06097686504857,22.01710819362381,17.912725892748725,8.052138584876861,7.909637976490647
59.848451363457976,39.147227322550464,60.14645801227156,17.77300524986858,15.094982772969091,5.960423400857323,5.56444934286103
59.93755357627138,35.911230351781946,70.0882003810495,19.97289869494342,18.042611353261584,8.04017920522696,7.971216273510589
79.89943569113738,27.89751833092258,80.00197332304697,23.9467939886458,20.09568875372824,12.04162776051409,11.998965182455438
79.0786365404286,26.90715370470118,76.97467495828317,22.9200190297603,20.102396087980665,10.70079373320058,10.511796372547348
74.94253373508376,28.073384530151674,79.03823034429341,21.0704231419091,19.07416285087041,9.310569758724514,9.473030398854426
58.1232000241742,37.00108084253719,65.98821522351187,21.937840225473742,18.003934009167786,7.967878219772623,8.060477926811796
59.99319295429319,38.14672713518912,65.15196436903491,20.046395187020305,16.081125928147543,8.443837530584565,8.449596386450585
57.92505796645791,37.125222400226,61.16559735274016,21.10042690640333,18.160585823110527,7.317898962942611,7.564846337184062
73.02235738889486,28.7185331495374,73.2002220205781,22.83154436383038,19.950611970185328,10.055898342089856,9.989020176882304
77.10600206522464,27.91227369982972,75.96851533511051,21.891889303195747,18.97866879593856,9.891765021269062,9.985517078671403
79.88769322405889,27.798574361058662,79.97974008892983,24.1053151196042,19.972861185433523,12.09488047678772,11.975839399939796
59.02851060151848,39.951463143374575,67.02809369052737,18.03388222542024,16.02812246226915,7.438174221752564,7.507593086347156
51.99649685933708,37.94726988908388,63.985305133675176,19.023917782771136,14.971520228089704,6.475560378057599,6.492148166833349
60.09357676763971,38.82305862877042,64.99076259897868,19.22648768468874,17.016930380607935,6.46556332638363,6.513701360089567
64.94278410594742,39.05073272072013,70.05528926975339,19.997892924557217,18.831955786852724,8.53012717503155,8.52399113101783
60.14954070442488,39.00696268791775,64.98465810153614,18.979223187646628,17.153960303582338,6.510091408184688,6.458331084919723
70.98140321112211,28.06663322849317,77.07102264221109,20.96941869259602,20.142056786070643,10.81770879659882,10.904875379461703
77.98421974654187,26.883023640837195,78.24682130688855,21.934419684199952,18.93397265622859,9.881137348044792,10.49832778681327
64.88674321072997,39.003448517953,70.05513625144441,20.191602260797804,18.95174746235008,8.530327335476025,8.466083848711717
76.13576400747634,27.8654665826091,76.97734083441021,22.08655215492077,20.02965212740588,8.924287111754852,8.98252592525022
77.89706138575163,29.09100246361028,76.93830520464516,21.07589566480866,18.01594978250688,9.125199985131012,9.018466726226643
69.96495156021614,36.20372581197023,72.03184996956377,24.91971180549166,18.04523824633824,7.948148952823031,7.988352253356355
79.98393759217656,28.04956133956384,80.17792529820404,23.972968398471487,19.97026992610728,12.028406739516695,12.01828144014666
76.85143465738346,28.89455979212492,75.93319728388425,22.00216785836367,18.90297581093995,9.510873654105618,9.546281066019189
79.07284190597797,28.015043806358747,76.89315514975172,22.966264760854862,21.0376084114532,10.462303327328458,10.510669422481563
75.15923924356562,28.03697980489592,78.96367654260294,20.949052242118643,18.8447905607781,9.460365635958768,9.4802196722375
64.88135457884567,38.914751607588535,69.83146376074652,19.978695874541284,18.92096397815333,8.477911162766334,8.440111474142716
77.0,29.0,75.0,22.0,19.0,10.0,10.046901189952045
75.0,28.0,79.0,21.0,19.0,9.5,9.434521781192505
59.92798739046949,38.931440735898704,60.20840517341795,17.900496025928327,15.103210937227528,5.997629698568336,5.684744357261196
64.92513417985192,37.9484433392513,59.955769300388205,19.97518449022393,16.085800053370196,8.099346685833117,7.9857341803152915
49.984601085076974,37.20592108229914,59.0210770667934,18.998999731337605,14.956058263165335,6.0171369427053625,6.0557262915410375
51.95188922607528,40.11745537082861,62.0354229942534,18.92316647729905,16.096835849011086,6.447525818641442,6.540144648786874
64.83559180129647,37.99185576359562,59.93377613623069,19.943839270592346,15.844786961759086,8.245685408256328,7.944502043575914
50.02490918793111,37.15466493381821,64.89444265529166,17.91723733157329,18.8835531361355,9.017416328322868,9.01175705700766
79.021102914605,27.17897112219877,76.92038898507127,22.903848745113606,20.12671118021736,10.627806371809717,10.528451497041107
75.03456485713521,28.86481220982933,77.0810223642182,22.977107759958297,18.9740975463553,10.069031708227431,10.014187025164475
59.84286257814752,38.79218214412986,64.99100534563226,19.0093563829856,17.067130915123048,6.25555445474552,6.459546625520257
59.13062248432384,40.08147489943704,66.99479815252587,17.821226433654573,16.109379278185855,7.36898836567838,7.5532175181294745
59.9174492740046,37.93047130448654,65.12939255111118,19.91825582514901,15.87746215425652,8.464117696727515,8.512727477839162
49.99809625577819,39.93313527240092,59.800367970837286,17.88245185462957,15.036205924510496,6.008909582953909,6.068181563334825
58.11050907918937,37.0385023037462,66.00953635144454,22.14502564040122,18.092865775305285,7.882232054135872,8.031115911185214
59.934654229332246,38.9024073186384,60.04659771196727,17.794501899381203,14.782144936603157,5.5887196117226745,5.714075700118956
74.90978671170132,28.171018427132367,74.97237638731137,23.11977026295774,20.08875300301317,10.879815097474443,10.958649649254312
70.04340520486167,38.90019483371204,69.96455665019342,20.16200391214495,15.813488662570972,6.462599887239155,6.504243006497234
70.10380851783766,24.0934660210108,70.18510828340156,21.921306417876902,18.01612400353017,10.88747550195797,10.361246896204978
76.98723976181232,27.106761423481306,78.00202497829629,23.17064982137451,20.061424606189057,12.085369129438808,11.888331192631899
69.98787860617729,33.92708329220123,74.08745355061066,22.06515656444584,15.854468795432076,9.77297774203885,10.025983035908164
55.0342211673868,36.04305932488519,65.06032795691354,21.03131674593614,15.91866134014179,7.119621379384867,7.007191116001354
49.87433788498349,37.01526811515357,59.943056619814826,17.87478344173561,15.087097190016165,6.130347764410358,6.147299394437137
58.03702564683606,36.99371069722626,60.95177305434228,20.92613699948044,18.030946890335468,7.554470926663976,7.445237771499437
78.91820271069528,27.939338766817013,76.95794387102377,22.83652834644824,21.03392862550211,10.269614907834514,10.456692999416694
73.0,29.0,73.0,23.0,20.0,10.0,9.96513735509766
60.06291395571609,38.02810459487363,64.9925196696289,20.16817525992598,16.09011371571197,8.59826008101115,8.492195524798323
60.07721194454366,39.03623414661398,59.9226414099051,18.102554027120945,14.917497771883315,5.489066118332611,5.68537825390358
79.01310009800495,27.992029418089405,76.92410763382566,23.040041173735062,20.98088917311778,10.578005116235683,10.462448980569919
80.13208877229425,25.98815388917833,75.07162350795286,20.91471023955027,19.983005384825432,11.079974331120065,10.919542056107423
79.85599612408251,27.94248075686238,80.06415401043267,24.022917808092064,20.014502070134792,11.887073111133091,12.005130331366772
76.1029669154594,28.0267580297477,76.83086192253789,21.774649382669253,20.06947927875921,9.228923154770236,8.985770087673632
49.88265500308443,37.03645783042604,65.0090850581212,18.03419869407504,19.13366523134948,8.974581575164779,8.969601536452064
64.99369534770015,38.82460133728964,65.06942883034391,18.93347529184189,16.027332724121912,5.879430831642523,6.044383044577134
79.04497693681553,27.84596000756056,76.95716813823131,22.96603251201019,21.074578555275195,10.422895824980989,10.533525187014034
65.11062435187905,39.11073799093672,69.96092238262624,20.032306658899262,19.104987870572984,8.410662423906052,8.515902170253637
80.1636098442908,25.97376063380904,80.15246693204507,24.05101050399324,19.95498399013468,12.042000011857668,11.937116708458829
59.92526191993394,38.83538271974654,60.05228881641305,17.941972552508474,15.116363661478069,5.526259409183045,5.515733542428973
57.77866732704227,37.038741073196256,60.91266488084145,21.044884908172456,18.10169800282913,7.602916321647056,7.50151749756956
77.90433039114224,27.10059863661623,77.81453217260822,22.08735075428326,18.88123511316033,9.948800209030514,10.031212383375346
52.09966038216984,39.96819618785605,61.97350266468681,18.85751452653789,16.061194550112127,6.4891573728082514,6.498212022057545
70.12003548492652,23.884573520211497,70.01678870516844,22.03323465522965,17.853260629958665,10.985044815901649,10.68574286162834
50.09803687010653,36.94590399488034,58.93502000748245,19.314381903156864,15.06933643345,5.894228421042956,5.963321760888855
74.92765551894234,28.803952815343784,77.887913722052,21.98055645659274,18.94036791173985,10.987918926183635,10.821881365326126
75.92413696954432,27.978245400702253,76.92557826104868,21.90318792472225,20.11178977214082,8.799729588548205,8.962734812727417
55.017734713774594,38.00984684434948,60.90439931299446,20.03597668335632,18.03002632701732,7.193108387896854,6.921429736387304
75.18887656556102,27.06845784539079,76.22412411723411,21.05201685078743,18.91066579845864,10.9468287159746,10.370424903715293
60.207252571384736,38.91237431614231,59.90975755432135,17.77641204347634,15.164353018091026,5.461486797043517,5.499049553119175
60.03308915283036,37.882704157941866,64.92162491591375,20.001992435679647,15.940541091713872,8.423377661343137,8.509150115658926
80.07347245051115,28.017680089467262,79.97352416583912,24.205070747677485,20.037479828798546,11.969220617322264,12.018159219189675
74.88961185397267,28.02013742714536,79.06064745119724,20.90405793559933,19.07522244438345,9.702960883037164,9.484753188860232
78.9390673112045,24.06986773346372,78.992575462077,22.00293803599349,19.079044741661143,10.982613660434398,11.02501156718546
75.07156089618294,26.886022776644904,76.01179338954303,21.09588282591813,19.111891870593947,11.112023978167905,11.01835188584794
59.85614829322012,38.95236675505066,59.9594461020866,17.979230806917027,14.947587117039966,6.005068605656266,5.626903343536048
78.90009118074903,26.994485403629064,77.00557554237777,23.0316487856657,20.039701674007105,10.546775386834634,10.494309341157233
